time,avg_covariance,median_covariance,min_covariance,max_covariance
daily,222.617750166754,0.28857409841552584,0.01524999999999982,2575.0
monthly,3529.479309441276,7.744575741668772,-17760.6456258119,69744.21537033406
quarterly,2978.2981236947344,9.441974999999985,-157162.42143824464,124892.33099999995
weekly,910.6020568278142,3.2722999999999978,-5594.415750000002,16855.471850000016
yearly,27418.31722187617,67.53399999999999,-23073.357899999974,445308.0573585136
