industry,avg_covariance,median_covariance,min_covariance,max_covariance
auto,989.9990609102015,9.09449012068691,-7129.33416187607,15072.0828
comm,-25.110481693495014,0.7277249999999996,-2001.3025863441464,301.0446921418431
index,36933.31236041334,57.789364999999975,-157162.42143824464,445308.0573585136
tech,123.06711931267714,48.88225,-8502.82697513418,5073.229
