country,avg_covariance,median_covariance,min_covariance,max_covariance
China,890.7771763734055,26.02501999999999,-7129.33416187607,15072.0828
EU,-165.6488987653787,0.5880349999999999,-8502.82697513418,112.97
US,18516.082451804337,14.389375000000005,-157162.42143824464,445308.0573585136
