country,avg_rcoeff,median_rcoeff,min_rcoeff,max_rcoeff
China,0.6809016413332252,0.9705727580388395,-0.9504944797445856,1.0
EU,0.6642929769215322,0.9496168050733815,-0.9836706749865828,1.0
US,0.6976236454606403,0.9628693250368388,-0.9446472595431366,1.0
