industry,avg_rcoeff,median_rcoeff,min_rcoeff,max_rcoeff
auto,0.6868002972664413,0.975710869539729,-0.9592495558495876,1.0
comm,0.6752626792965145,0.8961424004665289,-0.8167641174942234,1.0
index,0.6754682469777509,0.9645066607874158,-0.9504944797445856,1.0
tech,0.6899515514318961,0.9805796621320797,-0.9836706749865828,1.0
