time,avg_rcoeff,median_rcoeff,min_rcoeff,max_rcoeff
daily,0.9380643113035142,0.9795163197807748,0.3952491211849084,1.0
monthly,0.7251418614952909,0.9770206946038971,-0.8785412201634487,0.999998788625039
quarterly,0.351294087833666,0.6584015384058246,-0.9836706749865828,0.999999901477204
weekly,0.730088829277824,0.9751915472815942,-0.9504944797445856,1.0
yearly,0.6676745818806402,0.991753551381472,-0.6102792376799514,1.0
